character,ipa,status,evidence
က,k,established,U18;GREEN2002
ခ,kʰ,established,U18;GREEN2002
ဂ,ɡ,established,U18;GREEN2002
ဃ,ɡ,analysis_dependent,U18
င,ŋ,established,U18;GREEN2002
စ,s,analysis_dependent,U18;GREEN2002
ဆ,sʰ,analysis_dependent,U18;GREEN2002
ဇ,z,analysis_dependent,U18
ဈ,z,analysis_dependent,U18
ဉ,ɲ,analysis_dependent,U18
ည,ɲ,analysis_dependent,U18
တ,t,established,U18;GREEN2002
ထ,tʰ,established,U18;GREEN2002
ဒ,d,established,U18;GREEN2002
ဓ,dʰ,analysis_dependent,U18
န,n,established,U18;GREEN2002
ပ,p,established,U18;GREEN2002
ဖ,pʰ,established,U18;GREEN2002
ဗ,b,established,U18;GREEN2002
ဘ,bʰ,analysis_dependent,U18
မ,m,established,U18;GREEN2002
ယ,j,established,U18;GREEN2002
ရ,r,analysis_dependent,U18;GREEN2002
လ,l,established,U18;GREEN2002
ဝ,w,established,U18
သ,θ,analysis_dependent,U18;GREEN2002
ဟ,h,established,U18;GREEN2002
ဠ,l,analysis_dependent,U18
အ,ʔ,analysis_dependent,U18;GREEN2002