rule_id,stage,input,output,status,evidence,reason
UA-BUR-ASP-K,ua_target,/kʰ/,к,PROPOSED,RU_EPSHTEIN_1959;UA_ORTH_2019,"Neutralize aspiration rather than importing Russian кх."
UA-BUR-ASP-T,ua_target,/tʰ/,т,PROPOSED,RU_EPSHTEIN_1959;UA_ORTH_2019,"Neutralize aspiration."
UA-BUR-ASP-P,ua_target,/pʰ/,п,PROPOSED,RU_EPSHTEIN_1959;UA_ORTH_2019,"Neutralize aspiration."
UA-BUR-ASP-S,ua_target,/sʰ/,с,PROPOSED,RU_EPSHTEIN_1959;UA_ORTH_2019,"Neutralize aspiration."
UA-BUR-NG,ua_target,/ŋ/,нг,PROPOSED,RU_EPSHTEIN_1959,"Retain an explicit velar nasal sequence."
UA-BUR-W,ua_target,/w/,в,PROPOSED,UA_ORTH_2019,"Use consonantal в rather than Russian у."
UA-BUR-H,ua_target,/h/,г,ANALYSIS_DEPENDENT,UA_ORTH_2019,"Project hypothesis; х remains an alternative."
UA-BUR-R,ua_target,/r/,р,PROPOSED,RU_EPSHTEIN_1959,"Preserve Burmese phonological /r/ rather than copying a Russian output convention."
UA-BUR-I,ua_target,/i/,і,PROPOSED,RU_EPSHTEIN_1959;UA_ORTH_2019,"Adapt to Ukrainian /i/ orthography."
UA-BUR-EPS,ua_target,/ɛ/,е,PROPOSED,RU_EPSHTEIN_1959;UA_ORTH_2019,"Ukrainian has no э."
UA-BUR-UR,ua_target,/ɯ/,и,ANALYSIS_DEPENDENT,RU_EPSHTEIN_1959,"No exact Ukrainian target; retain candidate uncertainty."
UA-BUR-TONE,practical,/tone/register/phonation/,metadata,PROPOSED,DUAN2025;GREEN2002;TUN2011,"Do not encode Burmese prosody as Ukrainian stress."
